<?xml version="1.0" encoding="UTF-8" standalone="yes"?>
<ns2:eArsivVeri xmlns:ns2="http://earsiv.efatura.gov.tr">
    <ns2:baslik>
        <ns2:mukellef>
            <ns2:vkn>1111111111</ns2:vkn>
        </ns2:mukellef>
        <ns2:hazirlayan>
            <ns2:vkn>1111111111</ns2:vkn>
        </ns2:hazirlayan>
    </ns2:baslik>
    <ns2:serbestMeslekMakbuz>
        <ns2:makbuzNo>GIB2019000000001</ns2:makbuzNo>
        <ns2:ETTN>c160cdf0-522f-4292-8c02-bd1e04391293</ns2:ETTN>
        <ns2:gonderimSekli>ELEKTRONIK</ns2:gonderimSekli>
        <ns2:dosyaAdi>c160cdf0-522f-4292-8c02-bd1e04391293_s.pdf</ns2:dosyaAdi>
        <ns2:belgeTarihi>2019-04-18</ns2:belgeTarihi>
        <ns2:belgeZamani>11:24:40</ns2:belgeZamani>
        <ns2:toplamTutar>1372</ns2:toplamTutar>
        <ns2:odenecekTutar>1372</ns2:odenecekTutar>
        <ns2:paraBirimi>TRY</ns2:paraBirimi>
        <ns2:vergiBilgisi>
            <ns2:vergilerToplami>0</ns2:vergilerToplami>
            <ns2:vergi>
                <ns2:matrah>1400</ns2:matrah>
                <ns2:vergiKodu>0015</ns2:vergiKodu>
                <ns2:vergiTutari>252</ns2:vergiTutari>
                <ns2:vergiOrani>18</ns2:vergiOrani>
            </ns2:vergi>
            <ns2:vergi>
                <ns2:matrah>1400</ns2:matrah>
                <ns2:vergiKodu>0003</ns2:vergiKodu>
                <ns2:vergiTutari>280</ns2:vergiTutari>
                <ns2:vergiOrani>20</ns2:vergiOrani>
            </ns2:vergi>
        </ns2:vergiBilgisi>
        <ns2:aliciBilgileri>
            <ns2:tuzelKisi>
                <ns2:vkn>1234567802</ns2:vkn>
                <ns2:unvan>e DÖNÜŞÜM A.Ş.</ns2:unvan>
            </ns2:tuzelKisi>
            <ns2:adres>
                <ns2:caddeSokak></ns2:caddeSokak>
                <ns2:binaAd></ns2:binaAd>
                <ns2:binaNo></ns2:binaNo>
                <ns2:kapiNo></ns2:kapiNo>
                <ns2:kasabaKoy></ns2:kasabaKoy>
                <ns2:semt>OSMANGAZİ</ns2:semt>
                <ns2:sehir>BURSA</ns2:sehir>
                <ns2:postaKod></ns2:postaKod>
                <ns2:ulke>TR</ns2:ulke>
                <ns2:vDaire>ULUDAĞ VERGİ DAİRESİ</ns2:vDaire>
            </ns2:adres>
        </ns2:aliciBilgileri>
        <ns2:malHizmetBilgisi>
            <ns2:malHizmet>
                <ns2:ad>MUHASEBE ÖDEMESİ</ns2:ad>
                <ns2:vergiBilgisi>
                    <ns2:vergilerToplami>0</ns2:vergilerToplami>
                    <ns2:vergi>
                        <ns2:matrah>1400</ns2:matrah>
                        <ns2:vergiKodu>0015</ns2:vergiKodu>
                        <ns2:vergiTutari>252</ns2:vergiTutari>
                        <ns2:vergiOrani>18</ns2:vergiOrani>
                    </ns2:vergi>
                    <ns2:vergi>
                        <ns2:matrah>1400</ns2:matrah>
                        <ns2:vergiKodu>0003</ns2:vergiKodu>
                        <ns2:vergiTutari>280</ns2:vergiTutari>
                        <ns2:vergiOrani>20</ns2:vergiOrani>
                    </ns2:vergi>
                </ns2:vergiBilgisi>
                <ns2:burutUcret>1400</ns2:burutUcret>
            </ns2:malHizmet>
        </ns2:malHizmetBilgisi>
		<ns2:parameters>
			<ns2:parameter>
				<ns2:paramName>GONDERICI_ADSOYAD_UNVAN</ns2:paramName>
				<ns2:paramValue>FORIBA TEST</ns2:paramValue>
				<ns2:type>GONDERICI</ns2:type>
			</ns2:parameter>
			<ns2:parameter>
				<ns2:paramName>GONDERICI_VERGI_DAIRESI</ns2:paramName>
				<ns2:paramValue>BUYUKCEKMECE</ns2:paramValue>
				<ns2:type>GONDERICI</ns2:type>
			</ns2:parameter>
			<ns2:parameter>
				<ns2:paramName>GONDERICI_CADDE</ns2:paramName>
				<ns2:paramValue>BAĞLARBAŞI</ns2:paramValue>
				<ns2:type>GONDERICI</ns2:type>
			</ns2:parameter>
			<ns2:parameter>
				<ns2:paramName>GONDERICI_BINA</ns2:paramName>
				<ns2:paramValue>FORIBA</ns2:paramValue>
				<ns2:type>GONDERICI</ns2:type>
			</ns2:parameter>
			<ns2:parameter>
				<ns2:paramName>GONDERICI_BINA_NO</ns2:paramName>
				<ns2:paramValue>6</ns2:paramValue>
				<ns2:type>GONDERICI</ns2:type>
			</ns2:parameter>
			<ns2:parameter>
				<ns2:paramName>GONDERICI_KAPI_NO</ns2:paramName>
				<ns2:paramValue>4</ns2:paramValue>
				<ns2:type>GONDERICI</ns2:type>
			</ns2:parameter>
			<ns2:parameter>
				<ns2:paramName>GONDERICI_ILCE</ns2:paramName>
				<ns2:paramValue>MALTEPE</ns2:paramValue>
				<ns2:type>GONDERICI</ns2:type>
			</ns2:parameter>
			<ns2:parameter>
				<ns2:paramName>GONDERICI_IL</ns2:paramName>
				<ns2:paramValue>İSTANBUL</ns2:paramValue>
				<ns2:type>GONDERICI</ns2:type>
			</ns2:parameter>
			<ns2:parameter>
				<ns2:paramName>GONDERICI_POSTA_KODU</ns2:paramName>
				<ns2:paramValue>34865</ns2:paramValue>
				<ns2:type>GONDERICI</ns2:type>
			</ns2:parameter><ns2:parameter>
				<ns2:paramName>GONDERICI_ULKE</ns2:paramName>
				<ns2:paramValue>Türkiye</ns2:paramValue>
				<ns2:type>GONDERICI</ns2:type>
			</ns2:parameter>
		</ns2:parameters>
    </ns2:serbestMeslekMakbuz>
</ns2:eArsivVeri>
